average,average_male,average_female
26.48046354291109,26.50934154620272,26.45158553962234
